shapeid,partid,x,y,id
"0",,626287.958492897,2545967.0849957,"1"
"1",,627856.686187622,2543686.53893414,"2"
